stream_byte	character	kind	base_tile	companion_tile	confidence
0x00	 	direct_tile	0x00		confirmed
0x01	あ	direct_tile	0x01		confirmed
0x02	い	direct_tile	0x02		confirmed
0x03	う	direct_tile	0x03		confirmed
0x04	え	direct_tile	0x04		confirmed
0x05	お	direct_tile	0x05		confirmed
0x06	か	direct_tile	0x06		confirmed
0x07	き	direct_tile	0x07		confirmed
0x08	く	direct_tile	0x08		confirmed
0x09	け	direct_tile	0x09		confirmed
0x0A	こ	direct_tile	0x0A		confirmed
0x0B	さ	direct_tile	0x0B		confirmed
0x0C	し	direct_tile	0x0C		confirmed
0x0D	す	direct_tile	0x0D		confirmed
0x0E	せ	direct_tile	0x0E		confirmed
0x0F	そ	direct_tile	0x0F		confirmed
0x10	た	direct_tile	0x10		confirmed
0x11	ち	direct_tile	0x11		confirmed
0x12	つ	direct_tile	0x12		confirmed
0x13	て	direct_tile	0x13		confirmed
0x14	と	direct_tile	0x14		confirmed
0x15	な	direct_tile	0x15		confirmed
0x16	に	direct_tile	0x16		confirmed
0x17	ぬ	direct_tile	0x17		confirmed
0x18	ね	direct_tile	0x18		confirmed
0x19	の	direct_tile	0x19		confirmed
0x1A	は	direct_tile	0x1A		confirmed
0x1B	ひ	direct_tile	0x1B		confirmed
0x1C	ふ	direct_tile	0x1C		confirmed
0x1D	へ	direct_tile	0x1D		confirmed
0x1E	ほ	direct_tile	0x1E		confirmed
0x1F	ま	direct_tile	0x1F		confirmed
0x20	み	direct_tile	0x20		confirmed
0x21	む	direct_tile	0x21		confirmed
0x22	め	direct_tile	0x22		confirmed
0x23	も	direct_tile	0x23		confirmed
0x24	や	direct_tile	0x24		confirmed
0x25	ゆ	direct_tile	0x25		confirmed
0x26	よ	direct_tile	0x26		confirmed
0x27	ら	direct_tile	0x27		confirmed
0x28	り	direct_tile	0x28		confirmed
0x29	る	direct_tile	0x29		confirmed
0x2A	れ	direct_tile	0x2A		confirmed
0x2B	ろ	direct_tile	0x2B		confirmed
0x2C	わ	direct_tile	0x2C		confirmed
0x2D	を	direct_tile	0x2D		confirmed
0x2E	ん	direct_tile	0x2E		confirmed
0x2F	っ	direct_tile	0x2F		confirmed
0x30	ゃ	direct_tile	0x30		confirmed
0x31	ゅ	direct_tile	0x31		confirmed
0x32	ょ	direct_tile	0x32		confirmed
0x33	ぁ	direct_tile	0x33		confirmed
0x34	ぃ	direct_tile	0x34		confirmed
0x35	ぅ	direct_tile	0x35		confirmed
0x36	ぇ	direct_tile	0x36		confirmed
0x37	ぉ	direct_tile	0x37		confirmed
0x38	ア	direct_tile	0x38		confirmed
0x39	イ	direct_tile	0x39		confirmed
0x3A	ウ	direct_tile	0x3A		confirmed
0x3B	エ	direct_tile	0x3B		confirmed
0x3C	オ	direct_tile	0x3C		confirmed
0x3D	カ	direct_tile	0x3D		confirmed
0x3E	キ	direct_tile	0x3E		confirmed
0x3F	ク	direct_tile	0x3F		confirmed
0x40	ケ	direct_tile	0x40		confirmed
0x41	コ	direct_tile	0x41		confirmed
0x42	サ	direct_tile	0x42		confirmed
0x43	シ	direct_tile	0x43		confirmed
0x44	ス	direct_tile	0x44		confirmed
0x45	セ	direct_tile	0x45		confirmed
0x46	ソ	direct_tile	0x46		confirmed
0x47	タ	direct_tile	0x47		confirmed
0x48	チ	direct_tile	0x48		confirmed
0x49	ツ	direct_tile	0x49		confirmed
0x4A	テ	direct_tile	0x4A		confirmed
0x4B	ト	direct_tile	0x4B		confirmed
0x4C	ナ	direct_tile	0x4C		confirmed
0x4D	ニ	direct_tile	0x4D		confirmed
0x4E	ヌ	direct_tile	0x4E		confirmed
0x4F	ネ	direct_tile	0x4F		confirmed
0x50	ノ	direct_tile	0x50		confirmed
0x51	ハ	direct_tile	0x51		confirmed
0x52	ヒ	direct_tile	0x52		confirmed
0x53	フ	direct_tile	0x53		confirmed
0x54	ヘ	direct_tile	0x54		confirmed
0x55	ホ	direct_tile	0x55		confirmed
0x56	マ	direct_tile	0x56		confirmed
0x57	ミ	direct_tile	0x57		confirmed
0x58	ム	direct_tile	0x58		confirmed
0x59	メ	direct_tile	0x59		confirmed
0x5A	モ	direct_tile	0x5A		confirmed
0x5B	ヤ	direct_tile	0x5B		confirmed
0x5C	ユ	direct_tile	0x5C		confirmed
0x5D	ヨ	direct_tile	0x5D		confirmed
0x5E	ラ	direct_tile	0x5E		confirmed
0x5F	リ	direct_tile	0x5F		confirmed
0x60	ル	direct_tile	0x60		confirmed
0x61	レ	direct_tile	0x61		confirmed
0x62	ロ	direct_tile	0x62		confirmed
0x63	ワ	direct_tile	0x63		confirmed
0x64	ヲ	direct_tile	0x64		confirmed
0x65	ン	direct_tile	0x65		confirmed
0x66	ッ	direct_tile	0x66		confirmed
0x67	ャ	direct_tile	0x67		confirmed
0x68	ュ	direct_tile	0x68		confirmed
0x69	ョ	direct_tile	0x69		confirmed
0x6A	ァ	direct_tile	0x6A		confirmed
0x6B	ィ	direct_tile	0x6B		confirmed
0x6C	ゥ	direct_tile	0x6C		confirmed
0x6D	ェ	direct_tile	0x6D		confirmed
0x6E	ォ	direct_tile	0x6E		confirmed
0x6F	ー	direct_tile	0x6F		confirmed
0x70	・	direct_tile	0x70		confirmed
0x71	゛	direct_tile	0x71		confirmed
0x72	゜	direct_tile	0x72		confirmed
0x73	?	direct_tile	0x73		confirmed
0x74	!	direct_tile	0x74		confirmed
0x75	、	direct_tile	0x75		confirmed
0x76	。	direct_tile	0x76		confirmed
0x77	/	direct_tile	0x77		confirmed
0x78	「	direct_tile	0x78		confirmed
0x79	」	direct_tile	0x79		confirmed
0x7A		direct_tile	0x7A		confirmed
0x7B		direct_tile	0x7B		confirmed
0x7C		direct_tile	0x7C		confirmed
0x7D		direct_tile	0x7D		confirmed
0x7E		direct_tile	0x7E		confirmed
0x7F		direct_tile	0x7F		confirmed
0x80	0	direct_tile	0x80		confirmed
0x81	1	direct_tile	0x81		confirmed
0x82	2	direct_tile	0x82		confirmed
0x83	3	direct_tile	0x83		confirmed
0x84	4	direct_tile	0x84		confirmed
0x85	5	direct_tile	0x85		confirmed
0x86	6	direct_tile	0x86		confirmed
0x87	7	direct_tile	0x87		confirmed
0x88	8	direct_tile	0x88		confirmed
0x89	9	direct_tile	0x89		confirmed
0x8A		direct_tile	0x8A		confirmed
0x8B		direct_tile	0x8B		confirmed
0x8C		direct_tile	0x8C		confirmed
0x8D		direct_tile	0x8D		confirmed
0x8E		direct_tile	0x8E		confirmed
0x8F		direct_tile	0x8F		confirmed
0x90		direct_tile	0x90		confirmed
0x91		direct_tile	0x91		confirmed
0x92		direct_tile	0x92		confirmed
0x93		direct_tile	0x93		confirmed
0x94		direct_tile	0x94		confirmed
0x95		direct_tile	0x95		confirmed
0x96	H	direct_tile	0x96		confirmed
0x97	P	direct_tile	0x97		confirmed
0x98	K	direct_tile	0x98		confirmed
0x99	I	direct_tile	0x99		confirmed
0x9A	S	direct_tile	0x9A		confirmed
0x9B	A	direct_tile	0x9B		confirmed
0x9C	B	direct_tile	0x9C		confirmed
0x9D	D	direct_tile	0x9D		confirmed
0x9E	←	direct_tile	0x9E		confirmed
0x9F	→	direct_tile	0x9F		confirmed
0xA0		unmapped_direct_tile	0xA0		unknown
0xA1		unmapped_direct_tile	0xA1		unknown
0xA2		unmapped_direct_tile	0xA2		unknown
0xA3		unmapped_direct_tile	0xA3		unknown
0xA4		unmapped_direct_tile	0xA4		unknown
0xA5		unmapped_direct_tile	0xA5		unknown
0xA6		unmapped_direct_tile	0xA6		unknown
0xA7		unmapped_direct_tile	0xA7		unknown
0xA8		unmapped_direct_tile	0xA8		unknown
0xA9		unmapped_direct_tile	0xA9		unknown
0xAA		unmapped_direct_tile	0xAA		unknown
0xAB		unmapped_direct_tile	0xAB		unknown
0xAC		unmapped_direct_tile	0xAC		unknown
0xAD		unmapped_direct_tile	0xAD		unknown
0xAE		unmapped_direct_tile	0xAE		unknown
0xAF		unmapped_direct_tile	0xAF		unknown
0xB0	が	dakuten	0x06	0x71	confirmed
0xB1	ぎ	dakuten	0x07	0x71	confirmed
0xB2	ぐ	dakuten	0x08	0x71	confirmed
0xB3	げ	dakuten	0x09	0x71	confirmed
0xB4	ご	dakuten	0x0A	0x71	confirmed
0xB5	ざ	dakuten	0x0B	0x71	confirmed
0xB6	じ	dakuten	0x0C	0x71	confirmed
0xB7	ず	dakuten	0x0D	0x71	confirmed
0xB8	ぜ	dakuten	0x0E	0x71	confirmed
0xB9	ぞ	dakuten	0x0F	0x71	confirmed
0xBA	だ	dakuten	0x10	0x71	confirmed
0xBB	ぢ	dakuten	0x11	0x71	confirmed
0xBC	づ	dakuten	0x12	0x71	confirmed
0xBD	で	dakuten	0x13	0x71	confirmed
0xBE	ど	dakuten	0x14	0x71	confirmed
0xBF	ば	dakuten	0x1A	0x71	confirmed
0xC0	び	dakuten	0x1B	0x71	confirmed
0xC1	ぶ	dakuten	0x1C	0x71	confirmed
0xC2	べ	dakuten	0x1D	0x71	confirmed
0xC3	ぼ	dakuten	0x1E	0x71	confirmed
0xC4	ガ	dakuten	0x3D	0x71	confirmed
0xC5	ギ	dakuten	0x3E	0x71	confirmed
0xC6	グ	dakuten	0x3F	0x71	confirmed
0xC7	ゲ	dakuten	0x40	0x71	confirmed
0xC8	ゴ	dakuten	0x41	0x71	confirmed
0xC9	ザ	dakuten	0x42	0x71	confirmed
0xCA	ジ	dakuten	0x43	0x71	confirmed
0xCB	ズ	dakuten	0x44	0x71	confirmed
0xCC	ゼ	dakuten	0x45	0x71	confirmed
0xCD	ゾ	dakuten	0x46	0x71	confirmed
0xCE	ダ	dakuten	0x47	0x71	confirmed
0xCF	ヂ	dakuten	0x48	0x71	confirmed
0xD0	ヅ	dakuten	0x49	0x71	confirmed
0xD1	デ	dakuten	0x4A	0x71	confirmed
0xD2	ド	dakuten	0x4B	0x71	confirmed
0xD3	バ	dakuten	0x51	0x71	confirmed
0xD4	ビ	dakuten	0x52	0x71	confirmed
0xD5	ブ	dakuten	0x53	0x71	confirmed
0xD6	ベ	dakuten	0x54	0x71	confirmed
0xD7	ボ	dakuten	0x55	0x71	confirmed
0xD8	ぱ	handakuten	0x1A	0x72	confirmed
0xD9	ぴ	handakuten	0x1B	0x72	confirmed
0xDA	ぷ	handakuten	0x1C	0x72	confirmed
0xDB	ぺ	handakuten	0x1D	0x72	confirmed
0xDC	ぽ	handakuten	0x1E	0x72	confirmed
0xDD	パ	handakuten	0x51	0x72	confirmed
0xDE	ピ	handakuten	0x52	0x72	confirmed
0xDF	プ	handakuten	0x53	0x72	confirmed
0xE0	ペ	handakuten	0x54	0x72	confirmed
0xE1	ポ	handakuten	0x55	0x72	confirmed
