id	original_address	english
b03_4042	03:4042	Save?
b03_426e	03:426E	Game saved.
b03_4276	03:4276	TIME UP
b03_427d	03:427D	View instructions?
b03_42ad	03:42AD	THE LOOKOUT
b03_42b4	03:42B4	Goku received a\nSenzu Bean!
b03_42ce	03:42CE	[Kami]\nShow me the fruits\nof your 3 years\nof training, Goku.
b03_42f8	03:42F8	[Kami]\nAre you ready?
b03_430a	03:430A	[Kami]\nWell done!
b03_431a	03:431A	[Kami]\nPathetic...\nWhat have you done\nall this time?!
b03_433e	03:433E	[Kami]\nYou trained hard\nfor 3 years.\nEarth needs you.\nGood luck, Goku!
b03_4382	03:4382	[Goku]\nYeah!
b03_438c	03:438C	[Goku]\nWhat?!\nAnother me?!
b03_43a5	03:43A5	[Goku]\nYeah!\nI'm off!
b03_43bb	03:43BB	[Goku]\nKorin!
b03_43c8	03:43C8	[Goku]\nThanks, Korin!
b03_43db	03:43DB	[Copy Goku]\nHeh heh heh...
b03_43eb	03:43EB	[Mr. Popo]\nI made it.\nKami gave it life.
b03_440b	03:440B	[Korin]\nGokuuu!!
b03_441b	03:441B	[Korin]\nA farewell gift!\nA Senzu Bean!\nCatch it!
b03_4443	03:4443	[Korin]\nGood luck!!
b03_4456	03:4456	\n      PART 1\n
b03_5da2	03:5DA2	Some time later...
b03_5db3	03:5DB3	[Goku]\nI'm getting rusty.\nI will go train at\nthe Lookout!
b03_5df1	03:5DF1	[Chi-Chi]\nHey! Goku!\nWhere are you off?
b03_5e10	03:5E10	[Kami]\nWelcome, Goku!
b03_5e21	03:5E21	[Goku]\nI want to train\nagain.
b03_5e37	03:5E37	[Kami]\nVery well. You may\ntrain three times.
b03_5e5b	03:5E5B	"[Kami]\nYou have "
b03_5e64	03:5E64	 tries remain.\nChoose training.
b03_5e76	03:5E76	[Kami]\nFarewell, Goku!
b03_5e8b	03:5E8B	[Kami]\nGoku! Time your\nguard to block\nCopy Goku attacks.
b03_5ebe	03:5EBE	Block all four\nattacks in a level\nto clear it.
b03_5ee9	03:5EE9	Clear a level to\ntry the next.\nMaximum level: 7.
b03_5f18	03:5F18	Clear more levels\nto raise your ki.
b03_5f3f	03:5F3F	Let us begin!
b03_5f52	03:5F52	[Kami]\nGoku! Time your\ndodge to evade\nCopy Goku attacks.
b03_5f82	03:5F82	Dodge enough\nattacks to clear\nthe level.
b03_5fa3	03:5FA3	Clear levels to\nraise your speed.
b03_5fca	03:5FCA	[Kami]\nTap A rapidly to\nmove the cursor to\nthe right!
b03_5ffb	03:5FFB	Endure attacks\nfor the set time\nto clear a level.
b03_601e	03:601E	Clear levels to\nraise your HP.
b03_6046	03:6046	[Chi-Chi]\nA-are you okay?!\nGoku!!
b03_605f	03:605F	[Chi-Chi]\nGokuuu!!!\nThank goodness!\nYou are alive!!
b03_608b	03:608B	\n PART 1 COMPLETE\n
b03_609d	03:609D	This helps you\nendure Copy Goku.
