id	table_address	message_index
b03_4042	03:4034	0x00
b03_426e	03:4034	0x04
b03_4276	03:4034	0x05
b03_427d	03:4034	0x06
b03_42ad	03:4289	0x00
b03_42b4	03:4289	0x01
b03_42ce	03:4289	0x02
b03_42f8	03:4289	0x03
b03_430a	03:4289	0x04
b03_431a	03:4289	0x05
b03_433e	03:4289	0x06
b03_4382	03:4289	0x07
b03_438c	03:4289	0x08
b03_43a5	03:4289	0x09
b03_43bb	03:4289	0x0A
b03_43c8	03:4289	0x0B
b03_43db	03:4289	0x0C
b03_43eb	03:4289	0x0D
b03_440b	03:4289	0x0E
b03_441b	03:4289	0x0F
b03_4443	03:4289	0x10
b03_4456	03:4289	0x11
b03_5da2	03:573F	0x2B
b03_5db3	03:573F	0x2C
b03_5df1	03:573F	0x2D
b03_5e10	03:573F	0x2E
b03_5e21	03:573F	0x2F
b03_5e37	03:573F	0x30
b03_5e5b	03:573F	0x31
b03_5e64	03:573F	0x32
b03_5e76	03:573F	0x33
b03_5e8b	03:573F	0x34
b03_5ebe	03:573F	0x35
b03_5ee9	03:573F	0x36
b03_5f18	03:573F	0x37
b03_5f3f	03:573F	0x38
b03_5f52	03:573F	0x39
b03_5f82	03:573F	0x3A
b03_5ee9	03:573F	0x3B
b03_5fa3	03:573F	0x3C
b03_5fca	03:573F	0x3D
b03_5ffb	03:573F	0x3E
b03_5ee9	03:573F	0x3F
b03_601e	03:573F	0x40
b03_6046	03:573F	0x41
b03_605f	03:573F	0x42
b03_608b	03:573F	0x43
b03_609d	03:573F	0x44
