character	stream_byte	tile_id	kind
" "	0x00	0x00	english
A	0x01	0x01	english
B	0x02	0x02	english
C	0x03	0x03	english
D	0x04	0x04	english
E	0x05	0x05	english
F	0x06	0x06	english
G	0x07	0x07	english
H	0x08	0x08	english
I	0x09	0x09	english
J	0x0A	0x0A	english
K	0x0B	0x0B	english
L	0x0C	0x0C	english
M	0x0D	0x0D	english
N	0x0E	0x0E	english
O	0x0F	0x0F	english
P	0x10	0x10	english
Q	0x11	0x11	english
R	0x12	0x12	english
S	0x13	0x13	english
T	0x14	0x14	english
U	0x15	0x15	english
V	0x16	0x16	english
W	0x17	0x17	english
X	0x18	0x18	english
Y	0x19	0x19	english
Z	0x1A	0x1A	english
a	0x1B	0x1B	english
b	0x1C	0x1C	english
c	0x1D	0x1D	english
d	0x1E	0x1E	english
e	0x1F	0x1F	english
f	0x20	0x20	english
g	0x21	0x21	english
h	0x22	0x22	english
i	0x23	0x23	english
j	0x24	0x24	english
k	0x25	0x25	english
l	0x26	0x26	english
m	0x27	0x27	english
n	0x28	0x28	english
o	0x29	0x29	english
p	0x2A	0x2A	english
q	0x2B	0x2B	english
r	0x2C	0x2C	english
s	0x2D	0x2D	english
t	0x2E	0x2E	english
u	0x2F	0x2F	english
v	0x30	0x30	english
w	0x31	0x31	english
x	0x32	0x32	english
y	0x33	0x33	english
z	0x34	0x34	english
.	0x35	0x35	english
,	0x36	0x36	english
'	0x37	0x37	english
""""	0x38	0x38	english
?	0x39	0x39	english
!	0x3A	0x3A	english
:	0x3B	0x3B	english
;	0x3C	0x3C	english
-	0x3D	0x3D	english
/	0x3E	0x3E	english
(	0x3F	0x3F	english
)	0x40	0x40	english
[	0x41	0x41	english
]	0x42	0x42	english
&	0x43	0x43	english
+	0x44	0x44	english
=	0x45	0x45	english
%	0x46	0x46	english
*	0x47	0x47	english
#	0x48	0x48	english
0	0x80	0x80	preserved_digit
1	0x81	0x81	preserved_digit
2	0x82	0x82	preserved_digit
3	0x83	0x83	preserved_digit
4	0x84	0x84	preserved_digit
5	0x85	0x85	preserved_digit
6	0x86	0x86	preserved_digit
7	0x87	0x87	preserved_digit
8	0x88	0x88	preserved_digit
9	0x89	0x89	preserved_digit
←	0x9E	0x9E	preserved_arrow
→	0x9F	0x9F	preserved_arrow
